Phylum,Sub Phylum,Class,Order,Family,Species,Common Name,C-value,Chrom num,Method,Cell type,Std sp,References,References
Mollusca,,Bivalvia,Arcoida,Arcidae,Anadara broughtoni,Ark,1.45,,FIA,NE,CG,"Anisimova, A.A. (2007). Genome sizes of some Bivalvia species of the Peter the Great Bay of the Sea of Japan. Comparative Cytogenetics 1: 63-69.",
Mollusca,,Bivalvia,Arcoida,Arcidae,Arca boucardi,Ark,1.66,,FIA,NE,CG,"Anisimova, A.A. (2007). Genome sizes of some Bivalvia species of the Peter the Great Bay of the Sea of Japan. Comparative Cytogenetics 1: 63-69.",
Mollusca,,Bivalvia,Myoida,Myidae,Mya arenaria,Softshell clam,1.40,,FIA,NE,CG,"Anisimova, A.A. (2007). Genome sizes of some Bivalvia species of the Peter the Great Bay of the Sea of Japan. Comparative Cytogenetics 1: 63-69.",
Mollusca,,Bivalvia,Mytiloida,Mytilidae,Modiolus kurilensis,Horsemussel,3.40,,FIA,NE,CG,"Anisimova, A.A. (2007). Genome sizes of some Bivalvia species of the Peter the Great Bay of the Sea of Japan. Comparative Cytogenetics 1: 63-69.",
Mollusca,,Bivalvia,Mytiloida,Mytilidae,Mytilus grayanus,Mussel,2.11,,FIA,NE,CG,"Anisimova, A.A. (2007). Genome sizes of some Bivalvia species of the Peter the Great Bay of the Sea of Japan. Comparative Cytogenetics 1: 63-69.",
Mollusca,,Bivalvia,Mytiloida,Mytilidae,Mytilus trossulus,Foolish mussel,1.29,,FIA,NE,CG,"Anisimova, A.A. (2007). Genome sizes of some Bivalvia species of the Peter the Great Bay of the Sea of Japan. Comparative Cytogenetics 1: 63-69.",
Mollusca,,Bivalvia,Pectinoida,Pectinidae,Mizuhopecten yessoensis,Yesso scallop,1.69,,FIA,NE,CG,"Anisimova, A.A. (2007). Genome sizes of some Bivalvia species of the Peter the Great Bay of the Sea of Japan. Comparative Cytogenetics 1: 63-69.",
Mollusca,,Bivalvia,Veneroida,Corbiculidae,Corbicula japonica,Clam,1.93,,FIA,NE,CG,"Anisimova, A.A. (2007). Genome sizes of some Bivalvia species of the Peter the Great Bay of the Sea of Japan. Comparative Cytogenetics 1: 63-69.",
Mollusca,,Bivalvia,Veneroida,Mactidae,Spisula sachalinensis,Sakhalin surf clam,1.41,,FIA,NE,CG,"Anisimova, A.A. (2007). Genome sizes of some Bivalvia species of the Peter the Great Bay of the Sea of Japan. Comparative Cytogenetics 1: 63-69.",
Mollusca,,Bivalvia,Veneroida,Veneridae,Callithaca adamsi,Clam,1.97,,FIA,NE,CG,"Anisimova, A.A. (2007). Genome sizes of some Bivalvia species of the Peter the Great Bay of the Sea of Japan. Comparative Cytogenetics 1: 63-69.",
Mollusca,,Bivalvia,Veneroida,Veneridae,Dosinia japonica,Dosinia,2.02,,FIA,NE,CG,"Anisimova, A.A. (2007). Genome sizes of some Bivalvia species of the Peter the Great Bay of the Sea of Japan. Comparative Cytogenetics 1: 63-69.",
Mollusca,,Gastropoda,Neotaenioglossa,Pleuroceridae,Goniobasis alabamensis,Snail,2.10,,FCM,MC,"HS, V","Dillon, R.T. (1989). Karyotypic evolution in pleurocerid snails. I. Genomic DNA estimated by flow cytometry. Malacologia 31: 197-203.",
Mollusca,,Gastropoda,Neotaenioglossa,Pleuroceridae,Goniobasis catenaria dislocata,Snail,2.10,,FCM,MC,"HS, V","Dillon, R.T. (1989). Karyotypic evolution in pleurocerid snails. I. Genomic DNA estimated by flow cytometry. Malacologia 31: 197-203.",
Mollusca,,Gastropoda,Neotaenioglossa,Pleuroceridae,Goniobasis floridensis,Snail,2.10,,FCM,MC,"HS, V","Dillon, R.T. (1989). Karyotypic evolution in pleurocerid snails. I. Genomic DNA estimated by flow cytometry. Malacologia 31: 197-203.",
Mollusca,,Gastropoda,Neotaenioglossa,Pleuroceridae,Goniobasis livescens,Great Lakes horn snail,2.10,40.00,FCM,MC,"HS, V","Dillon, R.T. (1989). Karyotypic evolution in pleurocerid snails. I. Genomic DNA estimated by flow cytometry. Malacologia 31: 197-203.",
Mollusca,,Gastropoda,Neotaenioglossa,Pleuroceridae,Goniobasis proxima,Snail,2.10,34.00,FCM,MC,"HS, V","Dillon, R.T. (1989). Karyotypic evolution in pleurocerid snails. I. Genomic DNA estimated by flow cytometry. Malacologia 31: 197-203.",
Mollusca,,Gastropoda,Neotaenioglossa,Pleuroceridae,Goniobasis simplex,Snail,2.10,,FCM,MC,"HS, V","Dillon, R.T. (1989). Karyotypic evolution in pleurocerid snails. I. Genomic DNA estimated by flow cytometry. Malacologia 31: 197-203.",
Mollusca,,Gastropoda,Neotaenioglossa,Pleuroceridae,Io fluvialis,Spiny river snail,2.10,,FCM,MC,"HS, V","Dillon, R.T. (1989). Karyotypic evolution in pleurocerid snails. I. Genomic DNA estimated by flow cytometry. Malacologia 31: 197-203.",
Mollusca,,Gastropoda,Neotaenioglossa,Pleuroceridae,Juga hemphilli,Snail,2.10,,FCM,MC,"HS, V","Dillon, R.T. (1989). Karyotypic evolution in pleurocerid snails. I. Genomic DNA estimated by flow cytometry. Malacologia 31: 197-203.",
Mollusca,,Gastropoda,Neotaenioglossa,Pleuroceridae,Leptoxis (Mudalia) carinata,Snail,2.10,,FCM,MC,"HS, V","Dillon, R.T. (1989). Karyotypic evolution in pleurocerid snails. I. Genomic DNA estimated by flow cytometry. Malacologia 31: 197-203.",
Mollusca,,Gastropoda,Neotaenioglossa,Pleuroceridae,Leptoxis praerosa,Snail,2.10,,FCM,MC,"HS, V","Dillon, R.T. (1989). Karyotypic evolution in pleurocerid snails. I. Genomic DNA estimated by flow cytometry. Malacologia 31: 197-203.",
Mollusca,,Gastropoda,Neotaenioglossa,Pleuroceridae,Lithasia duttoniana,Snail,2.10,,FCM,MC,"HS, V","Dillon, R.T. (1989). Karyotypic evolution in pleurocerid snails. I. Genomic DNA estimated by flow cytometry. Malacologia 31: 197-203.",
Mollusca,,Gastropoda,Neotaenioglossa,Pleuroceridae,Lithasia verrucosa,Snail,2.10,,FCM,MC,"HS, V","Dillon, R.T. (1989). Karyotypic evolution in pleurocerid snails. I. Genomic DNA estimated by flow cytometry. Malacologia 31: 197-203.",
Mollusca,,Gastropoda,Neotaenioglossa,Pleuroceridae,Pleurocera acuta,Snail,2.10,,FCM,MC,"HS, V","Dillon, R.T. (1989). Karyotypic evolution in pleurocerid snails. I. Genomic DNA estimated by flow cytometry. Malacologia 31: 197-203.",
Mollusca,,Gastropoda,Neotaenioglossa,Pleuroceridae,Pleurocera canaliculatum,Snail,2.10,,FCM,MC,"HS, V","Dillon, R.T. (1989). Karyotypic evolution in pleurocerid snails. I. Genomic DNA estimated by flow cytometry. Malacologia 31: 197-203.",
Mollusca,,Gastropoda,Neotaenioglossa,Pleuroceridae,Pleurocera unciale,Snail,2.10,,FCM,MC,"HS, V","Dillon, R.T. (1989). Karyotypic evolution in pleurocerid snails. I. Genomic DNA estimated by flow cytometry. Malacologia 31: 197-203.",
Mollusca,,Aplacophora,Cavibelonia,Epinemiidae,Epimenia babai,Solenogastre,0.76,,FIA,MC,"GD,OM","Kocot, K.M., N.W. Jeffery, K. Mulligan, K.M. Halanych, and T.R. Gregory (2016). Genome size estimates for Aplacophora, Polyplacophora and Scaphopoda: small solenogasters and sizeable scaphopods. Journal of Molluscan Studies 82: 216-219.",
Mollusca,,Aplacophora,Cavibelonia,Proneomeniidae,Unknown sp. 3,Solenogastre,0.55,,"FIA,FCM",MC,"GD,OM","Kocot, K.M., N.W. Jeffery, K. Mulligan, K.M. Halanych, and T.R. Gregory (2016). Genome size estimates for Aplacophora, Polyplacophora and Scaphopoda: small solenogasters and sizeable scaphopods. Journal of Molluscan Studies 82: 216-219.",
Mollusca,,Aplacophora,Cavibelonia,Proneomeniidae,Unknown sp. 4,Solenogastre,0.61,,FCM,MC,"GD,OM","Kocot, K.M., N.W. Jeffery, K. Mulligan, K.M. Halanych, and T.R. Gregory (2016). Genome size estimates for Aplacophora, Polyplacophora and Scaphopoda: small solenogasters and sizeable scaphopods. Journal of Molluscan Studies 82: 216-219.",
Mollusca,,Aplacophora,Cavibelonia,Uncertain,Unknown sp. 1,Solenogastre,0.65,,"FIA,FCM",MC,"GD,OM","Kocot, K.M., N.W. Jeffery, K. Mulligan, K.M. Halanych, and T.R. Gregory (2016). Genome size estimates for Aplacophora, Polyplacophora and Scaphopoda: small solenogasters and sizeable scaphopods. Journal of Molluscan Studies 82: 216-219.",
Mollusca,,Aplacophora,Cavibelonia,Uncertain,Unknown sp. 2,Solenogastre,0.63,,"FIA,FCM",MC,"GD,OM","Kocot, K.M., N.W. Jeffery, K. Mulligan, K.M. Halanych, and T.R. Gregory (2016). Genome size estimates for Aplacophora, Polyplacophora and Scaphopoda: small solenogasters and sizeable scaphopods. Journal of Molluscan Studies 82: 216-219.",
Mollusca,,Aplacophora,Neomeniamorpha,Neomeniidae,Neomenia permagna,Solenogastre,0.30,,FIA,MC,"GD,OM","Kocot, K.M., N.W. Jeffery, K. Mulligan, K.M. Halanych, and T.R. Gregory (2016). Genome size estimates for Aplacophora, Polyplacophora and Scaphopoda: small solenogasters and sizeable scaphopods. Journal of Molluscan Studies 82: 216-219.",
Mollusca,,Bivalvia,Mytiloida,Mytilidae,Bathymodiolus azoricus,Mussel,1.90,,FCM,MC,PSV,"Bonnivard, E., O. Catrice, J. Ravaux, S.C. Brown, and D. Higuet (2009). Survey of genome size in 28 hydrothermal vent species covering 10 families. Genome 52: 524-536.",
Mollusca,,Bivalvia,Mytiloida,Mytilidae,Bathymodiolus thermophilus,Mussel,1.27,,FCM,MC,AAR,"Bonnivard, E., O. Catrice, J. Ravaux, S.C. Brown, and D. Higuet (2009). Survey of genome size in 28 hydrothermal vent species covering 10 families. Genome 52: 524-536.",
Mollusca,,Bivalvia,Ostreoida,Ostreidae,Crassostrea gigas,Pacific oyster,0.65,,FCM,"MC, MT","GD, DR","Zhang, G., X. Fang, X. Guo, L. Li, R. Luo, F. Xu, P. Yang, L. Zhang, X. Wang, H. Qi, Z. Xiong, H. Que, Y. Xie, P.W.H. Holland, J. Paps, Y. Zhu, F. Wu, Y. Chen, J. Wang, C. Peng, J. Meng, L. Yang, J. Liu, B. Wen, N. Zhang, Z. Huang, Q. Zhu, Y. Feng, A. Mou",
Mollusca,,Bivalvia,Pterioida,Pteriidae,Pinctada fucata,Pearl oyster,1.18,28.00,FCM,S,"TR, OL, DR","Takeuchi, T., T. Kawashima, R. Koyanagi, F. Gyoja, M. Tanaka, T. Ikuta, E. Shoguchi, M. Fujiwara, C. Shinzato, K. Hisata, M. Fujie, T. Usami, K. Nagai, K. Maeyama, K. Okamoto, H. Aoki, T. Ishikawa, T. Masaoka, A. Fujiwara, K. Endo, H. Endo, H. Nagasawa, S",
Mollusca,,Bivalvia,Veneroida,Sphaeriidae,Pisidium chilense,Pill clam,2.01,,FIA,G,GD,"Jara-Seguel, P., E. Parada, S. Peredo, C. Palmo-Rojas, and E. von Brand (2010). Nuclear DNA content in two Chilean species of Pisidium (Veneroida: Sphaeriidae). Journal of Shellfish Research 29: 101-106.",
Mollusca,,Bivalvia,Veneroida,Sphaeriidae,Pisidium huillichum,Pill clam,1.18,,FIA,G,GD,"Jara-Seguel, P., E. Parada, S. Peredo, C. Palmo-Rojas, and E. von Brand (2010). Nuclear DNA content in two Chilean species of Pisidium (Veneroida: Sphaeriidae). Journal of Shellfish Research 29: 101-106.",
Mollusca,,Bivalvia,Veneroida,Vesicomyidae,Calyptogena magnifica,Giant vent clam,2.35,,FCM,MC,AAR,"Bonnivard, E., O. Catrice, J. Ravaux, S.C. Brown, and D. Higuet (2009). Survey of genome size in 28 hydrothermal vent species covering 10 families. Genome 52: 524-536.",
Mollusca,,Bivavlia,Arcoida,Neotiidae,Noetia ponderosa,Ponderous ark shell,1.90,,BFA,HE,SP,"Hinegardner, R. (1974a). Cellular DNA content of the Mollusca. Comparative Biochemistry and Physiology 47A: 447-460.",
Mollusca,,Bivavlia,Limoida,Limidae,Lima hemphillii,Fileclam,1.20,,BFA,S,SP,"Hinegardner, R. (1974a). Cellular DNA content of the Mollusca. Comparative Biochemistry and Physiology 47A: 447-460.",
Mollusca,,Bivavlia,Limoida,Limidae,Lima scabra,Rough fileclam,1.60,,BFA,S,SP,"Hinegardner, R. (1974a). Cellular DNA content of the Mollusca. Comparative Biochemistry and Physiology 47A: 447-460.",
Mollusca,,Bivavlia,Myoida,Myidae,Mya arenaria,Softshell clam,1.40,,BFA,S,SP,"Hinegardner, R. (1974a). Cellular DNA content of the Mollusca. Comparative Biochemistry and Physiology 47A: 447-460.",
Mollusca,,Bivavlia,Myoida,Myidae,Platyodon cancellatus,Boring softshell clam,1.60,,BFA,S,SP,"Hinegardner, R. (1974a). Cellular DNA content of the Mollusca. Comparative Biochemistry and Physiology 47A: 447-460.",
Mollusca,,Bivavlia,Myoida,Pholadidae,Barnea costata,Mud piddock,0.70,,BFA,S,SP,"Hinegardner, R. (1974a). Cellular DNA content of the Mollusca. Comparative Biochemistry and Physiology 47A: 447-460.",
Mollusca,,Bivavlia,Myoida,Pholadidae,Pholadidea sp.,Angelwing,1.80,,BFA,S,SP,"Hinegardner, R. (1974a). Cellular DNA content of the Mollusca. Comparative Biochemistry and Physiology 47A: 447-460.",
Mollusca,,Bivavlia,Mytiloida,Mytilidae,Aulacomya ater maoriana,Mussel,2.24,,FCM,"G, MT",ME,"Libertini, A., A. Boato, M. Panozzo, and V. Fogato (1996a). Karyotype and genome size in some species of Mytilidae (Bivalvia, Mollusca). La Kromosomo II  82: 2819-2827.",
Mollusca,,Bivavlia,Mytiloida,Mytilidae,Bathymodiolus azoricus,Mussel,1.50,,FD,NS,NS,"Dixon, D.R., L.R.J. Dixon, P.L. Pascoe, and J.T. Wilson (2001). Chromosomal and nuclear characteristics of deep-sea hydrothermal-vent organisms: correlates of increased growth rate. Marine Biology 139: 251-255.",
Mollusca,,Bivavlia,Mytiloida,Mytilidae,Botula falcata,Mussel,1.80,,BFA,S,SP,"Hinegardner, R. (1974a). Cellular DNA content of the Mollusca. Comparative Biochemistry and Physiology 47A: 447-460.",
Mollusca,,Bivavlia,Mytiloida,Mytilidae,Hormomya mutabilis,Mussel,1.79,,FIA,TS,CA,"Ieyama, H., O. Kameoka, T. Tan, and J. Yamasaki (1994). Chromosomes and nuclear DNA contents of some species of Mytilidae. Venus 53: 327-331.",
Mollusca,,Bivavlia,Mytiloida,Mytilidae,Lithophaga bisulcata,Mahogany datemussel,2.50,,BFA,S,SP,"Hinegardner, R. (1974a). Cellular DNA content of the Mollusca. Comparative Biochemistry and Physiology 47A: 447-460.",
Mollusca,,Bivavlia,Mytiloida,Mytilidae,Lithophaga curta,Datemussel,2.12,,FIA,TS,CA,"Ieyama, H., O. Kameoka, T. Tan, and J. Yamasaki (1994). Chromosomes and nuclear DNA contents of some species of Mytilidae. Venus 53: 327-331.",
Mollusca,,Bivavlia,Mytiloida,Mytilidae,Lithophaga plumula,Feather datemussel,2.30,,BFA,S,SP,"Hinegardner, R. (1974a). Cellular DNA content of the Mollusca. Comparative Biochemistry and Physiology 47A: 447-460.",
Mollusca,,Bivavlia,Mytiloida,Mytilidae,Modiolus auriculatus,Mussel,1.68,,FIA,TS,CA,"Ieyama, H., O. Kameoka, T. Tan, and J. Yamasaki (1994). Chromosomes and nuclear DNA contents of some species of Mytilidae. Venus 53: 327-331.",
Mollusca,,Bivavlia,Mytiloida,Mytilidae,Modiolus sp.,Mussel,1.90,,BFA,S,SP,"Hinegardner, R. (1974a). Cellular DNA content of the Mollusca. Comparative Biochemistry and Physiology 47A: 447-460.",
Mollusca,,Bivavlia,Mytiloida,Mytilidae,Musculista senhousia,Mussel,1.16,,FIA,TS,CA,"Ieyama, H., O. Kameoka, T. Tan, and J. Yamasaki (1994). Chromosomes and nuclear DNA contents of some species of Mytilidae. Venus 53: 327-331.",
Mollusca,,Bivavlia,Mytiloida,Mytilidae,Mytilaster solidus,Mussel,1.54,,FCM,"G, MT",ME,"Libertini, A., A. Boato, M. Panozzo, and V. Fogato (1996a). Karyotype and genome size in some species of Mytilidae (Bivalvia, Mollusca). La Kromosomo II  82: 2819-2827.",
Mollusca,,Bivavlia,Mytiloida,Mytilidae,Mytilus californianus,California mussel,1.61,,FIA,NS,DT,"Gonzﾃ｡lez-Tizﾃｳn, A.M., A. Martﾃｭnez-Lage, I. Rego, J. Ausiﾃｳ, and J. Mﾃｩndez (2000). DNA content, karyotypes, and chromosomal location of 18S-5.8S-28S ribosomal loci in some species of bivalve molluscs from the Pacific Canadian coast. Genome 43: 1065-107",
Mollusca,,Bivavlia,Mytiloida,Mytilidae,Mytilus californianus,California mussel,1.90,,BFA,S,SP,"Hinegardner, R. (1974a). Cellular DNA content of the Mollusca. Comparative Biochemistry and Physiology 47A: 447-460.",
Mollusca,,Bivavlia,Mytiloida,Mytilidae,Mytilus coruscus,Mussel,1.90,,FIA,TS,CA,"Ieyama, H., O. Kameoka, T. Tan, and J. Yamasaki (1994). Chromosomes and nuclear DNA contents of some species of Mytilidae. Venus 53: 327-331.",
Mollusca,,Bivavlia,Mytiloida,Mytilidae,Mytilus edulis,Blue mussel,1.60,,FD,NS,NS,"Dixon, D.R., L.R.J. Dixon, P.L. Pascoe, and J.T. Wilson (2001). Chromosomal and nuclear characteristics of deep-sea hydrothermal-vent organisms: correlates of increased growth rate. Marine Biology 139: 251-255.",
Mollusca,,Bivavlia,Mytiloida,Mytilidae,Mytilus edulis,Blue mussel,1.60,,BFA,S,SP,"Hinegardner, R. (1974a). Cellular DNA content of the Mollusca. Comparative Biochemistry and Physiology 47A: 447-460.",
Mollusca,,Bivavlia,Mytiloida,Mytilidae,Mytilus edulis,Blue mussel,1.71,,FCM,G,GD,"Rodrﾃｭguez-Juﾃｭz, A.M., M. Torrado, and J. Mﾃｩndez (1996). Genome-size variation in bivalve molluscs determined by flow cytometry. Marine Biology 126: 489-497.",
Mollusca,,Bivavlia,Mytiloida,Mytilidae,Mytilus galloprovincialis,Mediterranean mussel,1.41,,FIA,TS,CA,"Ieyama, H., O. Kameoka, T. Tan, and J. Yamasaki (1994). Chromosomes and nuclear DNA contents of some species of Mytilidae. Venus 53: 327-331.",
Mollusca,,Bivavlia,Mytiloida,Mytilidae,Mytilus galloprovincialis,Mediterranean mussel,1.92,,FCM,G,GD,"Rodrﾃｭguez-Juﾃｭz, A.M., M. Torrado, and J. Mﾃｩndez (1996). Genome-size variation in bivalve molluscs determined by flow cytometry. Marine Biology 126: 489-497.",
Mollusca,,Bivavlia,Mytiloida,Mytilidae,Mytilus trossulus,Foolish mussel,1.51,,FIA,NS,DT,"Gonzﾃ｡lez-Tizﾃｳn, A.M., A. Martﾃｭnez-Lage, I. Rego, J. Ausiﾃｳ, and J. Mﾃｩndez (2000). DNA content, karyotypes, and chromosomal location of 18S-5.8S-28S ribosomal loci in some species of bivalve molluscs from the Pacific Canadian coast. Genome 43: 1065-107",
Mollusca,,Bivavlia,Mytiloida,Mytilidae,Perna canaliculus,Green-lipped mussel,1.11,,FCM,"G, MT",ME,"Libertini, A., A. Boato, M. Panozzo, and V. Fogato (1996a). Karyotype and genome size in some species of Mytilidae (Bivalvia, Mollusca). La Kromosomo II  82: 2819-2827.",
Mollusca,,Bivavlia,Mytiloida,Mytilidae,Septifer keenae,Mussel,1.06,,FIA,TS,CA,"Ieyama, H., O. Kameoka, T. Tan, and J. Yamasaki (1994). Chromosomes and nuclear DNA contents of some species of Mytilidae. Venus 53: 327-331.",
Mollusca,,Bivavlia,Mytiloida,Mytilidae,Septifer virgatus,Mussel,1.08,,FIA,TS,CA,"Ieyama, H., O. Kameoka, T. Tan, and J. Yamasaki (1994). Chromosomes and nuclear DNA contents of some species of Mytilidae. Venus 53: 327-331.",
Mollusca,,Bivavlia,Mytiloida,Mytilidae,Volsella modiolus,Mussel,2.80,,BFA,S,SP,"Hinegardner, R. (1974a). Cellular DNA content of the Mollusca. Comparative Biochemistry and Physiology 47A: 447-460.",
Mollusca,,Bivavlia,Mytiloida,Mytilidae,Volsella plicatulus,Mussel,1.90,,BFA,S,SP,"Hinegardner, R. (1974a). Cellular DNA content of the Mollusca. Comparative Biochemistry and Physiology 47A: 447-460.",
Mollusca,,Bivavlia,Mytiloida,Pinnidae,Atrina rigida,Pen shell,1.10,,BFA,S,SP,"Hinegardner, R. (1974a). Cellular DNA content of the Mollusca. Comparative Biochemistry and Physiology 47A: 447-460.",
Mollusca,,Bivavlia,Nuculoida,Nuculidae,Acila castrensis,Divaricate nutclam,5.40,,BFA,S,SP,"Hinegardner, R. (1974a). Cellular DNA content of the Mollusca. Comparative Biochemistry and Physiology 47A: 447-460.",
Mollusca,,Bivavlia,Nuculoida,Nuculidae,Nucula proxima,Nutclam,3.10,,BFA,S,SP,"Hinegardner, R. (1974a). Cellular DNA content of the Mollusca. Comparative Biochemistry and Physiology 47A: 447-460.",
Mollusca,,Bivavlia,Ostreoida,Ostreidae,Crassostrea gigas,Pacific giant oyster,0.91,,FIA,NS,DT,"Gonzﾃ｡lez-Tizﾃｳn, A.M., A. Martﾃｭnez-Lage, I. Rego, J. Ausiﾃｳ, and J. Mﾃｩndez (2000). DNA content, karyotypes, and chromosomal location of 18S-5.8S-28S ribosomal loci in some species of bivalve molluscs from the Pacific Canadian coast. Genome 43: 1065-107",
Mollusca,,Bivavlia,Ostreoida,Ostreidae,Crassostrea virginica,Eastern oyster,0.69,,BFA,S,SP,"Hinegardner, R. (1974a). Cellular DNA content of the Mollusca. Comparative Biochemistry and Physiology 47A: 447-460.",
Mollusca,,Bivavlia,Ostreoida,Ostreidae,Cryptostrea permollis,Oyster,1.10,,BFA,S,SP,"Hinegardner, R. (1974a). Cellular DNA content of the Mollusca. Comparative Biochemistry and Physiology 47A: 447-460.",
Mollusca,,Bivavlia,Ostreoida,Ostreidae,Ostrea edulis,Edible oyster,1.17,,FCM,G,GD,"Rodrﾃｭguez-Juﾃｭz, A.M., M. Torrado, and J. Mﾃｩndez (1996). Genome-size variation in bivalve molluscs determined by flow cytometry. Marine Biology 126: 489-497.",
Mollusca,,Bivavlia,Ostreoida,Ostreidae,Ostrea lurida,Oyster,1.30,,BFA,S,SP,"Hinegardner, R. (1974a). Cellular DNA content of the Mollusca. Comparative Biochemistry and Physiology 47A: 447-460.",
Mollusca,,Bivavlia,Ostreoida,Ostreidae,Unknown sp.1,Oyster,1.30,,BFA,S,SP,"Hinegardner, R. (1974a). Cellular DNA content of the Mollusca. Comparative Biochemistry and Physiology 47A: 447-460.",
Mollusca,,Bivavlia,Ostreoida,Ostreidae,Unknown sp.2,Oyster,0.65,,BFA,S,SP,"Hinegardner, R. (1974a). Cellular DNA content of the Mollusca. Comparative Biochemistry and Physiology 47A: 447-460.",
Mollusca,,Bivavlia,Ostreoida,Pectinidae,Argopecten irradians,Bay scallop,1.20,,BFA,S,SP,"Hinegardner, R. (1974a). Cellular DNA content of the Mollusca. Comparative Biochemistry and Physiology 47A: 447-460.",
Mollusca,,Bivavlia,Ostreoida,Pectinidae,Argopecten purpuratus,Northern Chilean scallop,1.10,,FFA,HE,V,"Gallardo-Escarate, C., J. Alvarez-Borrego, E. von Brand-Skopnik, and M.A. del Rio-Portilla (2005). Genome size estimation in two populations of the northern Chilean scallop, Argopecten purpuratus, using fluorescence image analysis. Journal of Shellfish Re",
Mollusca,,Bivavlia,Ostreoida,Pectinidae,Chlamys hastata,Spiny scallop,1.64,,FIA,NS,DT,"Gonzﾃ｡lez-Tizﾃｳn, A.M., A. Martﾃｭnez-Lage, I. Rego, J. Ausiﾃｳ, and J. Mﾃｩndez (2000). DNA content, karyotypes, and chromosomal location of 18S-5.8S-28S ribosomal loci in some species of bivalve molluscs from the Pacific Canadian coast. Genome 43: 1065-107",
Mollusca,,Bivavlia,Ostreoida,Pectinidae,Chlamys hericus,Scallop,0.95,,BFA,S,SP,"Hinegardner, R. (1974a). Cellular DNA content of the Mollusca. Comparative Biochemistry and Physiology 47A: 447-460.",
Mollusca,,Bivavlia,Ostreoida,Pectinidae,Chlamys hindsii,Scallop,1.00,,BFA,S,SP,"Hinegardner, R. (1974a). Cellular DNA content of the Mollusca. Comparative Biochemistry and Physiology 47A: 447-460.",
Mollusca,,Bivavlia,Ostreoida,Pectinidae,Chlamys opercularis,Scallop,1.12,,FCM,G,GD,"Rodrﾃｭguez-Juﾃｭz, A.M., M. Torrado, and J. Mﾃｩndez (1996). Genome-size variation in bivalve molluscs determined by flow cytometry. Marine Biology 126: 489-497.",
Mollusca,,Bivavlia,Ostreoida,Pectinidae,Hinnites giganteus,Scallop,1.29,,FIA,NS,DT,"Gonzﾃ｡lez-Tizﾃｳn, A.M., A. Martﾃｭnez-Lage, I. Rego, J. Ausiﾃｳ, and J. Mﾃｩndez (2000). DNA content, karyotypes, and chromosomal location of 18S-5.8S-28S ribosomal loci in some species of bivalve molluscs from the Pacific Canadian coast. Genome 43: 1065-107",
Mollusca,,Bivavlia,Ostreoida,Pectinidae,Hinnites multirugosus,Scallop,1.30,,BFA,S,SP,"Hinegardner, R. (1974a). Cellular DNA content of the Mollusca. Comparative Biochemistry and Physiology 47A: 447-460.",
Mollusca,,Bivavlia,Ostreoida,Pectinidae,Pecten maximus,Scallop,1.42,,FCM,G,GD,"Rodrﾃｭguez-Juﾃｭz, A.M., M. Torrado, and J. Mﾃｩndez (1996). Genome-size variation in bivalve molluscs determined by flow cytometry. Marine Biology 126: 489-497.",
Mollusca,,Bivavlia,Ostreoida,Pectinidae,Placopecten magellanicus,Sea scallop,2.10,,BFA,S,SP,"Hinegardner, R. (1974a). Cellular DNA content of the Mollusca. Comparative Biochemistry and Physiology 47A: 447-460.",
Mollusca,,Bivavlia,Solemyacea,Solemyidae,Solemya velum,Atlantic awningclam,2.10,,BFA,S,SP,"Hinegardner, R. (1974a). Cellular DNA content of the Mollusca. Comparative Biochemistry and Physiology 47A: 447-460.",
Mollusca,,Bivavlia,Unionoida,Unionidae,Elliptio sp.,Lance,3.20,,BFA,S,SP,"Hinegardner, R. (1974a). Cellular DNA content of the Mollusca. Comparative Biochemistry and Physiology 47A: 447-460.",
Mollusca,,Bivavlia,Unionoida,Unionidae,Uniomerus sp.,Pondhorn,3.00,,BFA,S,SP,"Hinegardner, R. (1974a). Cellular DNA content of the Mollusca. Comparative Biochemistry and Physiology 47A: 447-460.",
Mollusca,,Bivavlia,Veneroida,Cardiidae,Cerastoderma edule,Cockle,1.37,,FCM,G,GD,"Rodrﾃｭguez-Juﾃｭz, A.M., M. Torrado, and J. Mﾃｩndez (1996). Genome-size variation in bivalve molluscs determined by flow cytometry. Marine Biology 126: 489-497.",
Mollusca,,Bivavlia,Veneroida,Cardiidae,Cerastoderma pinnulatum,Northern dwarf cockle,1.40,,BFA,S,SP,"Hinegardner, R. (1974a). Cellular DNA content of the Mollusca. Comparative Biochemistry and Physiology 47A: 447-460.",
Mollusca,,Bivavlia,Veneroida,Cardiidae,Laevicardium mortoni,Yellow eggcockle,1.30,,BFA,S,SP,"Hinegardner, R. (1974a). Cellular DNA content of the Mollusca. Comparative Biochemistry and Physiology 47A: 447-460.",
Mollusca,,Bivavlia,Veneroida,Cardiidae,Trachycardium quadragenarium,Spiny pricklycockle,2.00,,BFA,S,SP,"Hinegardner, R. (1974a). Cellular DNA content of the Mollusca. Comparative Biochemistry and Physiology 47A: 447-460.",
Mollusca,,Bivavlia,Veneroida,Chamidae,Chama pellucida,Jewelbox,1.50,,BFA,S,SP,"Hinegardner, R. (1974a). Cellular DNA content of the Mollusca. Comparative Biochemistry and Physiology 47A: 447-460.",
Mollusca,,Bivavlia,Veneroida,Donacidae,Donax variabilis,Variable coquina,1.60,,BFA,S,SP,"Hinegardner, R. (1974a). Cellular DNA content of the Mollusca. Comparative Biochemistry and Physiology 47A: 447-460.",
Mollusca,,Bivavlia,Veneroida,Dreissenidae,Dreissena polymorpha,Zebra mussel,1.70,,FIA,"HE, S","GD, HS","Gregory, T.R. (2003b).  Genome size estimates for two important freshwater molluscs, the zebra mussel (Dreissena polymorpha) and the schistosomiasis vector snail (Biomphalaria glabrata).  Genome 46: 841-844.",
Mollusca,,Bivavlia,Veneroida,Lucinidae,Phacoides pectinata,Lucine,1.70,,BFA,S,SP,"Hinegardner, R. (1974a). Cellular DNA content of the Mollusca. Comparative Biochemistry and Physiology 47A: 447-460.",
Mollusca,,Bivavlia,Veneroida,Mactridae,Spisula solidissima,Atlantic surfclam,1.16,,FCM,G,GD,"Rodrﾃｭguez-Juﾃｭz, A.M., M. Torrado, and J. Mﾃｩndez (1996). Genome-size variation in bivalve molluscs determined by flow cytometry. Marine Biology 126: 489-497.",
Mollusca,,Bivavlia,Veneroida,Mactridae,Spisula solidissima,Atlantic surfclam,1.20,,BFA,S,SP,"Hinegardner, R. (1974a). Cellular DNA content of the Mollusca. Comparative Biochemistry and Physiology 47A: 447-460.",
Mollusca,,Bivavlia,Veneroida,Mactridae,Tresus capax,Fat gaper,1.64,,FIA,NS,DT,"Gonzﾃ｡lez-Tizﾃｳn, A.M., A. Martﾃｭnez-Lage, I. Rego, J. Ausiﾃｳ, and J. Mﾃｩndez (2000). DNA content, karyotypes, and chromosomal location of 18S-5.8S-28S ribosomal loci in some species of bivalve molluscs from the Pacific Canadian coast. Genome 43: 1065-107",
Mollusca,,Bivavlia,Veneroida,Mactridae,Tresus nuttalli,Pacific gaper,0.77,,BFA,S,SP,"Hinegardner, R. (1974a). Cellular DNA content of the Mollusca. Comparative Biochemistry and Physiology 47A: 447-460.",
Mollusca,,Bivavlia,Veneroida,Petricolidae,Petricola pholadiformis,False angelwing,1.10,,BFA,S,SP,"Hinegardner, R. (1974a). Cellular DNA content of the Mollusca. Comparative Biochemistry and Physiology 47A: 447-460.",
Mollusca,,Bivavlia,Veneroida,Pharidae,Ensis directus,Atlantic jackknife clam,1.50,,BFA,S,SP,"Hinegardner, R. (1974a). Cellular DNA content of the Mollusca. Comparative Biochemistry and Physiology 47A: 447-460.",
Mollusca,,Bivavlia,Veneroida,Psammobiidae,Nuttallia nuttallii,Mahogany clam,1.60,,BFA,S,SP,"Hinegardner, R. (1974a). Cellular DNA content of the Mollusca. Comparative Biochemistry and Physiology 47A: 447-460.",
Mollusca,,Bivavlia,Veneroida,Psammobiidae,Nuttallia nuttallii,Mahogany clam,1.74,,FIA,NS,DT,"Gonzﾃ｡lez-Tizﾃｳn, A.M., A. Martﾃｭnez-Lage, I. Rego, J. Ausiﾃｳ, and J. Mﾃｩndez (2000). DNA content, karyotypes, and chromosomal location of 18S-5.8S-28S ribosomal loci in some species of bivalve molluscs from the Pacific Canadian coast. Genome 43: 1065-107",
Mollusca,,Bivavlia,Veneroida,Solecurtidae,Tagelus californianus,California tagelus,1.30,,BFA,S,SP,"Hinegardner, R. (1974a). Cellular DNA content of the Mollusca. Comparative Biochemistry and Physiology 47A: 447-460.",
Mollusca,,Bivavlia,Veneroida,Solenidae,Solen viridis,Green jackknife clam,1.70,,BFA,S,SP,"Hinegardner, R. (1974a). Cellular DNA content of the Mollusca. Comparative Biochemistry and Physiology 47A: 447-460.",
Mollusca,,Bivavlia,Veneroida,Tellinidae,Apolymetis biangulata,Macoma clam,2.30,,BFA,S,SP,"Hinegardner, R. (1974a). Cellular DNA content of the Mollusca. Comparative Biochemistry and Physiology 47A: 447-460.",
Mollusca,,Bivavlia,Veneroida,Tellinidae,Macoma balthica,Baltic macoma,2.30,,BFA,S,SP,"Hinegardner, R. (1974a). Cellular DNA content of the Mollusca. Comparative Biochemistry and Physiology 47A: 447-460.",
Mollusca,,Bivavlia,Veneroida,Tellinidae,Macoma nasuta,Bent-nose macoma,1.95,,FIA,NS,DT,"Gonzﾃ｡lez-Tizﾃｳn, A.M., A. Martﾃｭnez-Lage, I. Rego, J. Ausiﾃｳ, and J. Mﾃｩndez (2000). DNA content, karyotypes, and chromosomal location of 18S-5.8S-28S ribosomal loci in some species of bivalve molluscs from the Pacific Canadian coast. Genome 43: 1065-107",
Mollusca,,Bivavlia,Veneroida,Tellinidae,Macoma nasuta,Bent-nose macoma,2.60,,BFA,S,SP,"Hinegardner, R. (1974a). Cellular DNA content of the Mollusca. Comparative Biochemistry and Physiology 47A: 447-460.",
Mollusca,,Bivavlia,Veneroida,Tellinidae,Macoma secta,White-sand macoma,2.40,,BFA,S,SP,"Hinegardner, R. (1974a). Cellular DNA content of the Mollusca. Comparative Biochemistry and Physiology 47A: 447-460.",
Mollusca,,Bivavlia,Veneroida,Tellinidae,Macoma tenta,Elongate macoma,1.70,,BFA,S,SP,"Hinegardner, R. (1974a). Cellular DNA content of the Mollusca. Comparative Biochemistry and Physiology 47A: 447-460.",
Mollusca,,Bivavlia,Veneroida,Veneridae,Chione undatella,Frilled venus clam,2.00,,BFA,S,SP,"Hinegardner, R. (1974a). Cellular DNA content of the Mollusca. Comparative Biochemistry and Physiology 47A: 447-460.",
Mollusca,,Bivavlia,Veneroida,Veneridae,Mercenaria campechiensis,southern quahog,2.30,,BFA,S,SP,"Hinegardner, R. (1974a). Cellular DNA content of the Mollusca. Comparative Biochemistry and Physiology 47A: 447-460.",
Mollusca,,Bivavlia,Veneroida,Veneridae,Mercenaria mercenaria,northern quahog,2.00,,BFA,S,SP,"Hinegardner, R. (1974a). Cellular DNA content of the Mollusca. Comparative Biochemistry and Physiology 47A: 447-460.",
Mollusca,,Bivavlia,Veneroida,Veneridae,Protothaca staminea,Pacific littleneck,1.60,,BFA,S,SP,"Hinegardner, R. (1974a). Cellular DNA content of the Mollusca. Comparative Biochemistry and Physiology 47A: 447-460.",
Mollusca,,Bivavlia,Veneroida,Veneridae,Protothaca staminea,Pacific littleneck,1.75,,FIA,NS,DT,"Gonzﾃ｡lez-Tizﾃｳn, A.M., A. Martﾃｭnez-Lage, I. Rego, J. Ausiﾃｳ, and J. Mﾃｩndez (2000). DNA content, karyotypes, and chromosomal location of 18S-5.8S-28S ribosomal loci in some species of bivalve molluscs from the Pacific Canadian coast. Genome 43: 1065-107",
Mollusca,,Bivavlia,Veneroida,Veneridae,Saxidomus nuttalli,California butterclam,1.10,,BFA,S,SP,"Hinegardner, R. (1974a). Cellular DNA content of the Mollusca. Comparative Biochemistry and Physiology 47A: 447-460.",
Mollusca,,Bivavlia,Veneroida,Veneridae,Tapes decussata,Venus clam,1.81,,FCM,G,GD,"Rodrﾃｭguez-Juﾃｭz, A.M., M. Torrado, and J. Mﾃｩndez (1996). Genome-size variation in bivalve molluscs determined by flow cytometry. Marine Biology 126: 489-497.",
Mollusca,,Bivavlia,Veneroida,Veneridae,Tapes philippinarum,Japanese littleneck,1.97,,FIA,NS,DT,"Gonzﾃ｡lez-Tizﾃｳn, A.M., A. Martﾃｭnez-Lage, I. Rego, J. Ausiﾃｳ, and J. Mﾃｩndez (2000). DNA content, karyotypes, and chromosomal location of 18S-5.8S-28S ribosomal loci in some species of bivalve molluscs from the Pacific Canadian coast. Genome 43: 1065-107",
Mollusca,,Bivavlia,Veneroida,Veneridae,Tapes pullastra,Venus clam,1.78,,FCM,G,GD,"Rodrﾃｭguez-Juﾃｭz, A.M., M. Torrado, and J. Mﾃｩndez (1996). Genome-size variation in bivalve molluscs determined by flow cytometry. Marine Biology 126: 489-497.",
Mollusca,,Bivavlia,Veneroida,Veneridae,Tapes rhomboideus,Venus clam,1.62,,FCM,G,GD,"Rodrﾃｭguez-Juﾃｭz, A.M., M. Torrado, and J. Mﾃｩndez (1996). Genome-size variation in bivalve molluscs determined by flow cytometry. Marine Biology 126: 489-497.",
Mollusca,,Bivavlia,Veneroida,Veneridae,Tivela stultorum,Pismo clam,0.96,,BFA,S,SP,"Hinegardner, R. (1974a). Cellular DNA content of the Mollusca. Comparative Biochemistry and Physiology 47A: 447-460.",
Mollusca,,Cephalopoda,Octopoda,Octopodidae,Octopus bimaculatus,California two-spot octopus,4.30,,BFA,S,SP,"Hinegardner, R. (1974a). Cellular DNA content of the Mollusca. Comparative Biochemistry and Physiology 47A: 447-460.",
Mollusca,,Cephalopoda,Octopoda,Octopodidae,Octopus bimaculoides,Two-spot octopus,2.93,,CS,NS,NS,"Albertin, C.B., O. Simakov, T. Mitros, Z.Y. Wang, J.R. Pungor, E. Edsinger-Gonzales, S. Brenner, C.W. Ragsdale, and D.S. Rokhsar (2015). The octopus genome and the evolution of cephalopod neural and morphological novelties. Nature 524: 220-224.",
Mollusca,,Cephalopoda,Octopoda,Octopodidae,Octopus vulgaris,Common octopus,5.15,,BCA,S,NS,"Packard, A. and V. Albergoni (1970). Relative growth, nucleic acid content and cell numbers of the brain in Octopus vulgaris (Lamarck). Journal of Experimental Biology 52: 539-552.",
Mollusca,,Cephalopoda,Sepiolida,Sepiolidae,Euprymna scolopes,Bobtail squid,3.75,,FIA,"HE, S",GD,T.R. Gregory. Unpublished Data,
Mollusca,,Cephalopoda,Teuthida,Loliginidae,Loligo plei,Arrow squid,2.80,,BFA,S,SP,"Hinegardner, R. (1974a). Cellular DNA content of the Mollusca. Comparative Biochemistry and Physiology 47A: 447-460.",
Mollusca,,Cephalopoda,Teuthida,Loliginidae,Unknown sp.,Squid,4.50,,FD,S,GD,"Mirsky, A.E. and H. Ris (1951). The desoxyribonucleic acid content of animal cells and its evolutionary significance. Journal of General Physiology 34: 451-462.",
Mollusca,,Gastropoda,Anaspidea,Aplysiidae,Aplysia californica,California Seahare,1.80,,BFA,S,SP,"Hinegardner, R. (1974a). Cellular DNA content of the Mollusca. Comparative Biochemistry and Physiology 47A: 447-460.",
Mollusca,,Gastropoda,Anaspidea,Aplysiidae,Aplysia californica,California Seahare,2.00,,BFA,NR,SS,"Lasek, R.J. and W.J. Dower (1971). Aplysia californica: analysis of nuclear DNA in individual nuclei of giant neurons. Science 172: 278-180.",
Mollusca,,Gastropoda,Anaspidea,Aplysiidae,Aplysia dactylomela,Spotted seahare,1.90,,BFA,S,SP,"Hinegardner, R. (1974a). Cellular DNA content of the Mollusca. Comparative Biochemistry and Physiology 47A: 447-460.",
Mollusca,,Gastropoda,Archaeogastropoda,Fissurellidae,Diodora aspera,Rough keyhole limpet,1.50,,BFA,S,SP,"Hinegardner, R. (1974a). Cellular DNA content of the Mollusca. Comparative Biochemistry and Physiology 47A: 447-460.",
Mollusca,,Gastropoda,Archaeogastropoda,Fissurellidae,Fissurella barbadensis,Barbados keyhole limpet,0.50,,FD,S,GD,"Mirsky, A.E. and H. Ris (1951). The desoxyribonucleic acid content of animal cells and its evolutionary significance. Journal of General Physiology 34: 451-462.",
Mollusca,,Gastropoda,Archaeogastropoda,Fissurellidae,Fissurella volcano,Volcano keyhole limpet,0.65,,BFA,S,SP,"Hinegardner, R. (1974a). Cellular DNA content of the Mollusca. Comparative Biochemistry and Physiology 47A: 447-460.",
Mollusca,,Gastropoda,Archaeogastropoda,Fissurellidae,Megathura crenulata,Giant keyhole limpet,1.90,,BFA,S,SP,"Hinegardner, R. (1974a). Cellular DNA content of the Mollusca. Comparative Biochemistry and Physiology 47A: 447-460.",
Mollusca,,Gastropoda,Archaeogastropoda,Haliotidae,Haliotis corrugata,Pink abalone,2.00,,BFA,S,SP,"Hinegardner, R. (1974a). Cellular DNA content of the Mollusca. Comparative Biochemistry and Physiology 47A: 447-460.",
Mollusca,,Gastropoda,Archaeogastropoda,Haliotidae,Haliotis corrugata,Pink abalone,2.14,,FFA,S,NS,"Gallardo-Escarate, C. and M.A. del Rio-Portilla (2007). Karyotype composition in three California abalones and their relationship with genome size. Journal of Shellfish Research 26: 825-832.",
Mollusca,,Gastropoda,Archaeogastropoda,Haliotidae,Haliotis fulgens,Green abalone,1.70,,BFA,S,SP,"Hinegardner, R. (1974a). Cellular DNA content of the Mollusca. Comparative Biochemistry and Physiology 47A: 447-460.",
Mollusca,,Gastropoda,Archaeogastropoda,Haliotidae,Haliotis fulgens,Green abalone,1.71,,FFA,S,NS,"Gallardo-Escarate, C. and M.A. del Rio-Portilla (2007). Karyotype composition in three California abalones and their relationship with genome size. Journal of Shellfish Research 26: 825-832.",
Mollusca,,Gastropoda,Archaeogastropoda,Haliotidae,Haliotis rufescens,Red abalone,1.80,,BFA,S,SP,"Hinegardner, R. (1974a). Cellular DNA content of the Mollusca. Comparative Biochemistry and Physiology 47A: 447-460.",
Mollusca,,Gastropoda,Archaeogastropoda,Haliotidae,Haliotis rufescens,Red abalone,1.82,,FFA,S,NS,"Gallardo-Escarate, C. and M.A. del Rio-Portilla (2007). Karyotype composition in three California abalones and their relationship with genome size. Journal of Shellfish Research 26: 825-832.",
Mollusca,,Gastropoda,Archaeogastropoda,Haliotididae,Haliotis discus hannai,Disk abalone,1.84,,FCM,"MT, TN",GD,"Adachi, K. and S.-I. Okumura (2012). Determination of genome size of Haliotis discus hannai and H. diversicolor aquatilis (Haliotidae) and phylogenetic examination of this family. Fisheries Science 78: 849-852.",
Mollusca,,Gastropoda,Archaeogastropoda,Haliotididae,Haliotis diversicolor aquatilis,Abalone,1.45,,FCM,"MT, TN",HDH,"Adachi, K. and S.-I. Okumura (2012). Determination of genome size of Haliotis discus hannai and H. diversicolor aquatilis (Haliotidae) and phylogenetic examination of this family. Fisheries Science 78: 849-852.",
Mollusca,,Gastropoda,Archaeogastropoda,Lepetodrilidae,Lepetodrilus sp.,Limpet,1.80,,FD,NS,NS,"Dixon, D.R., L.R.J. Dixon, P.L. Pascoe, and J.T. Wilson (2001). Chromosomal and nuclear characteristics of deep-sea hydrothermal-vent organisms: correlates of increased growth rate. Marine Biology 139: 251-255.",
Mollusca,,Gastropoda,Archaeogastropoda,Trochidae,Norrisia norrisi,Norris snail,1.60,,BFA,S,SP,"Hinegardner, R. (1974a). Cellular DNA content of the Mollusca. Comparative Biochemistry and Physiology 47A: 447-460.",
Mollusca,,Gastropoda,Archaeogastropoda,Trochidae,Tegula brunnea,Brown tegula,1.70,,BFA,S,SP,"Hinegardner, R. (1974a). Cellular DNA content of the Mollusca. Comparative Biochemistry and Physiology 47A: 447-460.",
Mollusca,,Gastropoda,Archaeogastropoda,Trochidae,Tegula funebralis,Black tegula,1.50,,BFA,S,SP,"Hinegardner, R. (1974a). Cellular DNA content of the Mollusca. Comparative Biochemistry and Physiology 47A: 447-460.",
Mollusca,,Gastropoda,Archaeogastropoda,Turbiniidae,Astraea undosa,Turban shell,2.30,,BFA,S,SP,"Hinegardner, R. (1974a). Cellular DNA content of the Mollusca. Comparative Biochemistry and Physiology 47A: 447-460.",
Mollusca,,Gastropoda,Archaeogastropoda,Vermetidae,Aletes squamigerus,Worm shell,1.50,,BFA,S,SP,"Hinegardner, R. (1974a). Cellular DNA content of the Mollusca. Comparative Biochemistry and Physiology 47A: 447-460.",
Mollusca,,Gastropoda,Architaenioglossa,Ampullariidae,Pomacea cuprina,Applesnail,0.67,,BFA,S,SP,"Hinegardner, R. (1974a). Cellular DNA content of the Mollusca. Comparative Biochemistry and Physiology 47A: 447-460.",
Mollusca,,Gastropoda,Architaenioglossa,Ampullariidae,Pomacea paludosa,Florida applesnail,0.61,,FCM,LV,LS,"Vinogradov, A.E. (1998b). Variation in ligand-accessible genome size and its ecomorphological correlates in a pond snail. Hereditas 128: 59-65.",
Mollusca,,Gastropoda,Architaenioglossa,Viviparidae,Campeloma geniculum,Ovate campeloma,1.73,,FCM,DG,"GD, OM","Johnson, S.G., R. Hopkins, and K. Goddard (1999). Constraints on elevated ploidy in hybrid and nonhybrid parthenogenetic snails. Journal of Heredity 90: 659-662.",
Mollusca,,Gastropoda,Architaenioglossa,Viviparidae,Campeloma limum,File campeloma,1.85,,FCM,DG,"GD, OM","Johnson, S.G., R. Hopkins, and K. Goddard (1999). Constraints on elevated ploidy in hybrid and nonhybrid parthenogenetic snails. Journal of Heredity 90: 659-662.",
Mollusca,,Gastropoda,Architaenioglossa,Viviparidae,Campeloma parthenum,Maiden campeloma (3n),2.54,,FCM,DG,"GD, OM","Johnson, S.G., R. Hopkins, and K. Goddard (1999). Constraints on elevated ploidy in hybrid and nonhybrid parthenogenetic snails. Journal of Heredity 90: 659-662.",
Mollusca,,Gastropoda,Architaenioglossa,Viviparidae,Viviparus contectus,River snail,2.04,,FCM,LV,LS,"Vinogradov, A.E. (1998b). Variation in ligand-accessible genome size and its ecomorphological correlates in a pond snail. Hereditas 128: 59-65.",
Mollusca,,Gastropoda,Basommatophora,Lymnaeidae,Lymnaea auricularia,Pond snail,1.51,,FCM,LV,LS,"Vinogradov, A.E. (1998b). Variation in ligand-accessible genome size and its ecomorphological correlates in a pond snail. Hereditas 128: 59-65.",
Mollusca,,Gastropoda,Basommatophora,Lymnaeidae,Lymnaea calamphala,Pond snail,1.22,,FCM,LV,LS,"Vinogradov, A.E. (1998b). Variation in ligand-accessible genome size and its ecomorphological correlates in a pond snail. Hereditas 128: 59-65.",
Mollusca,,Gastropoda,Basommatophora,Lymnaeidae,Lymnaea fontinalis,Pond snail,1.32,,FCM,LV,RT,"Vinogradov, A.E. (2000). Larger genomes for molluskan land pioneers. Genome 43: 211-212.",
Mollusca,,Gastropoda,Basommatophora,Lymnaeidae,Lymnaea fulva,Pond snail,1.30,,FCM,LV,LS,"Vinogradov, A.E. (1998b). Variation in ligand-accessible genome size and its ecomorphological correlates in a pond snail. Hereditas 128: 59-65.",
Mollusca,,Gastropoda,Basommatophora,Lymnaeidae,Lymnaea sp.,Pond snail,2.00,,BFA,S,SP,"Hinegardner, R. (1974a). Cellular DNA content of the Mollusca. Comparative Biochemistry and Physiology 47A: 447-460.",
Mollusca,,Gastropoda,Basommatophora,Lymnaeidae,Lymnaea stagnalis,Pond snail,1.22,,FCM,LV,LS,"Vinogradov, A.E. (1998b). Variation in ligand-accessible genome size and its ecomorphological correlates in a pond snail. Hereditas 128: 59-65.",
Mollusca,,Gastropoda,Basommatophora,Physidae,Physa rubra,Snail,1.20,,FCM,LV,RT,"Vinogradov, A.E. (2000). Larger genomes for molluskan land pioneers. Genome 43: 211-212.",
Mollusca,,Gastropoda,Basommatophora,Planorbidae,Biomphalaria glabrata,Snail,0.95,,FIA,HE,GD,"Gregory, T.R. (2003b).  Genome size estimates for two important freshwater molluscs, the zebra mussel (Dreissena polymorpha) and the schistosomiasis vector snail (Biomphalaria glabrata).  Genome 46: 841-844.",
Mollusca,,Gastropoda,Basommatophora,Planorbidae,Planorbella tenuis,Mexican ramshorn snail,1.48,,FCM,LV,LS,"Vinogradov, A.E. (1998b). Variation in ligand-accessible genome size and its ecomorphological correlates in a pond snail. Hereditas 128: 59-65.",
Mollusca,,Gastropoda,Basommatophora,Planorbidae,Planorbis corneus,Ramshorn snail,1.10,,BFA,S,SP,"Hinegardner, R. (1974a). Cellular DNA content of the Mollusca. Comparative Biochemistry and Physiology 47A: 447-460.",
Mollusca,,Gastropoda,Basommatophora,Planorbidae,Planorbis corneus,Ramshorn snail,1.40,,FCM,LV,LS,"Vinogradov, A.E. (1998b). Variation in ligand-accessible genome size and its ecomorphological correlates in a pond snail. Hereditas 128: 59-65.",
Mollusca,,Gastropoda,Basommatophora,Planorbidae,Planorbis planorbis,Ramshorn snail,1.43,,FCM,LV,RT,"Vinogradov, A.E. (2000). Larger genomes for molluskan land pioneers. Genome 43: 211-212.",
Mollusca,,Gastropoda,Caenogastropoda,Provannidae,Alviniconcha hessleri,Snail,0.94,,FCM,MC,AAR,"Bonnivard, E., O. Catrice, J. Ravaux, S.C. Brown, and D. Higuet (2009). Survey of genome size in 28 hydrothermal vent species covering 10 families. Genome 52: 524-536.",
Mollusca,,Gastropoda,Caenogastropoda,Provannidae,Ifremeria nautilei,Snail,0.90,,FCM,MC,AAR,"Bonnivard, E., O. Catrice, J. Ravaux, S.C. Brown, and D. Higuet (2009). Survey of genome size in 28 hydrothermal vent species covering 10 families. Genome 52: 524-536.",
Mollusca,,Gastropoda,Cephalaspidea,Bullidae,Bulla gouldiana,California bubble shell,1.60,,BFA,S,SP,"Hinegardner, R. (1974a). Cellular DNA content of the Mollusca. Comparative Biochemistry and Physiology 47A: 447-460.",
Mollusca,,Gastropoda,Mesogastropoda,Diplommatinidae,Arinia japonica,Snail,2.60,,FIA,MC,CA,"Ieyama, H. and A. Tada (1991). Chromosomal studies and the quantitative evaluation of nuclear images stained with Feulgen dye in the Diplommatidinidae. Venus 50: 68-78.",
Mollusca,,Gastropoda,Mesogastropoda,Diplommatinidae,Diplommatina cassa,Snail,2.80,,FIA,MC,CA,"Ieyama, H. and A. Tada (1991). Chromosomal studies and the quantitative evaluation of nuclear images stained with Feulgen dye in the Diplommatidinidae. Venus 50: 68-78.",
Mollusca,,Gastropoda,Mesogastropoda,Diplommatinidae,Diplommatina circumstomata,Snail,4.38,,FIA,MC,CA,"Ieyama, H., S. Henmi, and A. Tada (1993). Chromosomal studies and quantitative evaluation of cellular DNA in several species of the Diplommatinidae (Mollusca: Gastropoda). Memoirs of the Faculty of Education of Ehime University, Natural Science 13: 33-39.",
Mollusca,,Gastropoda,Mesogastropoda,Diplommatinidae,Diplommatina collarifera collarifera,Snail,5.98,,FIA,MC,CA,"Ieyama, H. and A. Tada (1991). Chromosomal studies and the quantitative evaluation of nuclear images stained with Feulgen dye in the Diplommatidinidae. Venus 50: 68-78.",
Mollusca,,Gastropoda,Mesogastropoda,Diplommatinidae,Diplommatina collarifera collarifera,Snail,6.71,,FIA,MC,CA,"Ieyama, H. and H. Ogaito (2000). Chromosomes and nuclear DNA contents of some species in the Diplommatinidae. Venus 59: 217-224.",
Mollusca,,Gastropoda,Mesogastropoda,Diplommatinidae,Diplommatina collarifera okiensis,Snail,7.72,,FIA,MC,CA,"Ieyama, H. and H. Ogaito (2000). Chromosomes and nuclear DNA contents of some species in the Diplommatinidae. Venus 59: 217-224.",
Mollusca,,Gastropoda,Mesogastropoda,Diplommatinidae,Diplommatina collarifera tenuiplica,Snail,6.19,,FIA,MC,CA,"Ieyama, H. and A. Tada (1991). Chromosomal studies and the quantitative evaluation of nuclear images stained with Feulgen dye in the Diplommatidinidae. Venus 50: 68-78.",
Mollusca,,Gastropoda,Mesogastropoda,Diplommatinidae,Diplommatina gibbera,Snail,4.45,,FIA,MC,CA,"Ieyama, H. and A. Tada (1991). Chromosomal studies and the quantitative evaluation of nuclear images stained with Feulgen dye in the Diplommatidinidae. Venus 50: 68-78.",
Mollusca,,Gastropoda,Mesogastropoda,Diplommatinidae,Diplommatina hidaensis,Snail,3.26,,FIA,MC,CA,"Ogaito, H. and H. Ieyama (1997). Diplommatina (Sinica) hidaensis n. sp. (Diplommatinidae) from mountainous districts of Gifu and Nagano prefectures, central Japan. Venus 56: 197-203.",
Mollusca,,Gastropoda,Mesogastropoda,Diplommatinidae,Diplommatina kiiensis kiiensis,Snail,7.85,,FIA,MC,CA,"Ieyama, H. and H. Ogaito (1998). Chromosomes and nuclear DNA contents of two subspecies in the Diplommatinidae. Venus 57: 133-136.",
Mollusca,,Gastropoda,Mesogastropoda,Diplommatinidae,Diplommatina kiiensis ssp.,Snail,6.17,,FIA,MC,CA,"Ieyama, H. and H. Ogaito (1998). Chromosomes and nuclear DNA contents of two subspecies in the Diplommatinidae. Venus 57: 133-136.",
Mollusca,,Gastropoda,Mesogastropoda,Diplommatinidae,Diplommatina kobelti,Snail,4.73,,FIA,MC,CA,"Ieyama, H. and A. Tada (1991). Chromosomal studies and the quantitative evaluation of nuclear images stained with Feulgen dye in the Diplommatidinidae. Venus 50: 68-78.",
Mollusca,,Gastropoda,Mesogastropoda,Diplommatinidae,Diplommatina nipponensis,Snail,5.23,,FIA,MC,CA,"Ieyama, H. and H. Ogaito (2000). Chromosomes and nuclear DNA contents of some species in the Diplommatinidae. Venus 59: 217-224.",
Mollusca,,Gastropoda,Mesogastropoda,Diplommatinidae,Diplommatina shikokuensis,Snail,5.56,,FIA,MC,CA,"Ieyama, H. and A. Tada (1991). Chromosomal studies and the quantitative evaluation of nuclear images stained with Feulgen dye in the Diplommatidinidae. Venus 50: 68-78.",
Mollusca,,Gastropoda,Mesogastropoda,Diplommatinidae,Diplommatina sp.,Snail,3.93,,FIA,MC,CA,"Ieyama, H. and H. Ogaito (2000). Chromosomes and nuclear DNA contents of some species in the Diplommatinidae. Venus 59: 217-224.",
Mollusca,,Gastropoda,Mesogastropoda,Diplommatinidae,Diplommatina tanegashimae kyushuensis,Snail,3.13,,FIA,MC,CA,"Ieyama, H., S. Henmi, and A. Tada (1993). Chromosomal studies and quantitative evaluation of cellular DNA in several species of the Diplommatinidae (Mollusca: Gastropoda). Memoirs of the Faculty of Education of Ehime University, Natural Science 13: 33-39.",
Mollusca,,Gastropoda,Mesogastropoda,Diplommatinidae,Diplommatina tosana goniobasis,Snail,3.93,,FIA,MC,CA,"Ieyama, H. and A. Tada (1991). Chromosomal studies and the quantitative evaluation of nuclear images stained with Feulgen dye in the Diplommatidinidae. Venus 50: 68-78.",
Mollusca,,Gastropoda,Mesogastropoda,Diplommatinidae,Diplommatina tosana kureana,Snail,4.12,,FIA,MC,CA,"Ieyama, H. and A. Tada (1991). Chromosomal studies and the quantitative evaluation of nuclear images stained with Feulgen dye in the Diplommatidinidae. Venus 50: 68-78.",
Mollusca,,Gastropoda,Mesogastropoda,Diplommatinidae,Diplommatina tosana onoensis,Snail,4.34,,FIA,MC,CA,"Ieyama, H. and A. Tada (1991). Chromosomal studies and the quantitative evaluation of nuclear images stained with Feulgen dye in the Diplommatidinidae. Venus 50: 68-78.",
Mollusca,,Gastropoda,Mesogastropoda,Diplommatinidae,Diplommatina tosana tosana,Snail,6.09,,FIA,MC,CA,"Ieyama, H. and A. Tada (1991). Chromosomal studies and the quantitative evaluation of nuclear images stained with Feulgen dye in the Diplommatidinidae. Venus 50: 68-78.",
Mollusca,,Gastropoda,Mesogastropoda,Diplommatinidae,Diplommatina tosanella abei,Snail,2.73,,FIA,MC,CA,"Ieyama, H. and A. Tada (1991). Chromosomal studies and the quantitative evaluation of nuclear images stained with Feulgen dye in the Diplommatidinidae. Venus 50: 68-78.",
Mollusca,,Gastropoda,Mesogastropoda,Diplommatinidae,Diplommatina tosanella tosanella,Snail,4.08,,FIA,MC,CA,"Ieyama, H. and A. Tada (1991). Chromosomal studies and the quantitative evaluation of nuclear images stained with Feulgen dye in the Diplommatidinidae. Venus 50: 68-78.",
Mollusca,,Gastropoda,Mesogastropoda,Diplommatinidae,Palaina pusilla,Snail,1.94,,FIA,MC,CA,"Ieyama, H. and A. Tada (1991). Chromosomal studies and the quantitative evaluation of nuclear images stained with Feulgen dye in the Diplommatidinidae. Venus 50: 68-78.",
Mollusca,,Gastropoda,Mesogastropoda,Littorinidae,Littorina obtusata,Flat periwinkle,1.21,34.00,FCM,DG,GD,"Libertini, A. and M. Rampin (2008). Unpublished data.",
Mollusca,,Gastropoda,Neogastropoda,Buccinidae,Buscyon canaliculatum,Whelk,4.40,,BFA,S,SP,"Hinegardner, R. (1974a). Cellular DNA content of the Mollusca. Comparative Biochemistry and Physiology 47A: 447-460.",
Mollusca,,Gastropoda,Neogastropoda,Buccinidae,Kelletia kelleti,Whelk,3.70,,BFA,S,SP,"Hinegardner, R. (1974a). Cellular DNA content of the Mollusca. Comparative Biochemistry and Physiology 47A: 447-460.",
Mollusca,,Gastropoda,Neogastropoda,Buccinidae,Neobuccinum eatoni,Antarctic whelk,5.88,,FCM,"G, MT",ME,"Libertini, A., M. Panozzo, and R. Zenere (1993). Chromosome number and genome size in the Antarctic whelk, Neobuccinum eatoni (Smith) (Prosobranchia, Neogastropoda). Chromosome Information Service 55: 5-6.",D.R. Dixon. Personal Communication
Mollusca,,Gastropoda,Neogastropoda,Conidae,Conus californicus,California cone shell,2.60,,BFA,S,SP,"Hinegardner, R. (1974a). Cellular DNA content of the Mollusca. Comparative Biochemistry and Physiology 47A: 447-460.",
Mollusca,,Gastropoda,Neogastropoda,Conidae,Conus lividus,Cone shell,3.90,,BFA,S,SP,"Hinegardner, R. (1974a). Cellular DNA content of the Mollusca. Comparative Biochemistry and Physiology 47A: 447-460.",
Mollusca,,Gastropoda,Neogastropoda,Conidae,Conus pennaceus,Cone shell,3.60,,BFA,S,SP,"Hinegardner, R. (1974a). Cellular DNA content of the Mollusca. Comparative Biochemistry and Physiology 47A: 447-460.",
Mollusca,,Gastropoda,Neogastropoda,Mitridae,Mitra idae,Half-pitted miter shell,2.70,,BFA,S,SP,"Hinegardner, R. (1974a). Cellular DNA content of the Mollusca. Comparative Biochemistry and Physiology 47A: 447-460.",
Mollusca,,Gastropoda,Neogastropoda,Muricidae,Bolinus brandaris,Murex shell,2.83,,FD,G,"ME, V","Pascoe, P.L., A.N. Jha, and D.R. Dixon (2004).  Variation of karyotype composition and genome size in some muricid gastropods from the northern hemisphere.  Journal of Molluscan Studies 70: 389-398.",
Mollusca,,Gastropoda,Neogastropoda,Muricidae,Ceratostoma nuttalli,Murex shell,2.40,,BFA,S,SP,"Hinegardner, R. (1974a). Cellular DNA content of the Mollusca. Comparative Biochemistry and Physiology 47A: 447-460.",
Mollusca,,Gastropoda,Neogastropoda,Muricidae,Hexaplex trunculus,Murex shell,2.26,,FD,G,"ME, V","Pascoe, P.L., A.N. Jha, and D.R. Dixon (2004).  Variation of karyotype composition and genome size in some muricid gastropods from the northern hemisphere.  Journal of Molluscan Studies 70: 389-398.",
Mollusca,,Gastropoda,Neogastropoda,Muricidae,Nucella canaliculata,Whelk,2.54,,FD,G,"ME, V","Pascoe, P.L., A.N. Jha, and D.R. Dixon (2004).  Variation of karyotype composition and genome size in some muricid gastropods from the northern hemisphere.  Journal of Molluscan Studies 70: 389-398.",
Mollusca,,Gastropoda,Neogastropoda,Muricidae,Nucella emarginata,Whelk,2.75,,FD,G,"ME, V","Pascoe, P.L., A.N. Jha, and D.R. Dixon (2004).  Variation of karyotype composition and genome size in some muricid gastropods from the northern hemisphere.  Journal of Molluscan Studies 70: 389-398.",
Mollusca,,Gastropoda,Neogastropoda,Muricidae,Nucella lamellosa,Whelk,2.43,,FD,G,"ME, V","Pascoe, P.L., A.N. Jha, and D.R. Dixon (2004).  Variation of karyotype composition and genome size in some muricid gastropods from the northern hemisphere.  Journal of Molluscan Studies 70: 389-398.",
Mollusca,,Gastropoda,Neogastropoda,Muricidae,Nucella lapillus,Atlantic dog-whelk,2.60,,FD,G,"ME, V","Pascoe, P.L., A.N. Jha, and D.R. Dixon (2004).  Variation of karyotype composition and genome size in some muricid gastropods from the northern hemisphere.  Journal of Molluscan Studies 70: 389-398.",
Mollusca,,Gastropoda,Neogastropoda,Muricidae,Nucella lapillus,Atlantic dog-whelk,2.80,,FD,NS,NS,"Dixon, D.R., L.R.J. Dixon, P.L. Pascoe, and J.T. Wilson (2001). Chromosomal and nuclear characteristics of deep-sea hydrothermal-vent organisms: correlates of increased growth rate. Marine Biology 139: 251-255.",
Mollusca,,Gastropoda,Neogastropoda,Muricidae,Nucella lapillus,Atlantic dog-whelk,2.80,,BFA,S,SP,"Hinegardner, R. (1974a). Cellular DNA content of the Mollusca. Comparative Biochemistry and Physiology 47A: 447-460.",
Mollusca,,Gastropoda,Neogastropoda,Muricidae,Ocenebra erinaceus,Rock shell,2.61,,FD,G,"ME, V","Pascoe, P.L., A.N. Jha, and D.R. Dixon (2004).  Variation of karyotype composition and genome size in some muricid gastropods from the northern hemisphere.  Journal of Molluscan Studies 70: 389-398.",
Mollusca,,Gastropoda,Neogastropoda,Muricidae,Ocenebra poulsoni,Rock shell,2.60,,BFA,S,SP,"Hinegardner, R. (1974a). Cellular DNA content of the Mollusca. Comparative Biochemistry and Physiology 47A: 447-460.",
Mollusca,,Gastropoda,Neogastropoda,Muricidae,Thais haemastoma,Southern oyster drill,2.09,,FD,G,"ME, V","Pascoe, P.L., A.N. Jha, and D.R. Dixon (2004).  Variation of karyotype composition and genome size in some muricid gastropods from the northern hemisphere.  Journal of Molluscan Studies 70: 389-398.",
Mollusca,,Gastropoda,Neogastropoda,Muricidae,Urosalpinx cinerea,Atlantic oyster drill,3.10,,BFA,S,SP,"Hinegardner, R. (1974a). Cellular DNA content of the Mollusca. Comparative Biochemistry and Physiology 47A: 447-460.",
Mollusca,,Gastropoda,Neogastropoda,Nassariidae,Nassarius fossatus,Channeled mud snail,4.40,,BFA,S,SP,"Hinegardner, R. (1974a). Cellular DNA content of the Mollusca. Comparative Biochemistry and Physiology 47A: 447-460.",
Mollusca,,Gastropoda,Neogastropoda,Nassariidae,Nassarius obsoletus,Eastern mud snail,3.10,,BCA,WB,NS,"Davidson, E.H., B.R. Hough, M.E. Chamberlin, and R.J. Brittern (1971). Sequence repetition in the DNA of Nassaria (Ilyanassa) obsoleta. Developmental Biology 25: 445-463.",
Mollusca,,Gastropoda,Neogastropoda,Nassariidae,Nassarius obsoletus,Eastern mud snail,3.20,,BFA,S,SP,"Hinegardner, R. (1974a). Cellular DNA content of the Mollusca. Comparative Biochemistry and Physiology 47A: 447-460.",
Mollusca,,Gastropoda,Neogastropoda,Nassariidae,Nassarius obsoletus,Eastern mud snail,3.30,,BCA,S,NS,"Collier, J.R. and M. McCann-Collier (1962). The deoxyribonucleic acid content of the egg and sperm of Ilyanassa obsoleta. Experimental Cell Research 27: 553-559.",
Mollusca,,Gastropoda,Neogastropoda,Nassariidae,Nassarius tegula,Western mud snail,3.90,,BFA,S,SP,"Hinegardner, R. (1974a). Cellular DNA content of the Mollusca. Comparative Biochemistry and Physiology 47A: 447-460.",
Mollusca,,Gastropoda,Neogastropoda,Olividae,Olivella biplicata,Purple dwarf olive shell,2.00,,BFA,S,SP,"Hinegardner, R. (1974a). Cellular DNA content of the Mollusca. Comparative Biochemistry and Physiology 47A: 447-460.",
Mollusca,,Gastropoda,Neotaenioglossa,Bithyniidae,Bithynia sp.,Bithynia,1.25,,FCM,LV,LS,"Vinogradov, A.E. (1998b). Variation in ligand-accessible genome size and its ecomorphological correlates in a pond snail. Hereditas 128: 59-65.",
Mollusca,,Gastropoda,Neotaenioglossa,Cypraeidae,Cypraea spadicea,Chestnut cowrie,1.60,,BFA,S,SP,"Hinegardner, R. (1974a). Cellular DNA content of the Mollusca. Comparative Biochemistry and Physiology 47A: 447-460.",
Mollusca,,Gastropoda,Neotaenioglossa,Hydrobiidae,Hydrobia ulvae,Mud snail,0.68,,FCM,LV,LS,"Vinogradov, A.E. (1998b). Variation in ligand-accessible genome size and its ecomorphological correlates in a pond snail. Hereditas 128: 59-65.",
Mollusca,,Gastropoda,Neotaenioglossa,Littorinidae,Littorina irrorata,Marsh periwinkle,0.82,,BFA,S,SP,"Hinegardner, R. (1974a). Cellular DNA content of the Mollusca. Comparative Biochemistry and Physiology 47A: 447-460.",
Mollusca,,Gastropoda,Neotaenioglossa,Littorinidae,Littorina keenae,Periwinkle,0.90,,FCM,G,GD,"Libertini, A., R. Trisolini, and S. Edmands (2004).  A cytogenetic study of the periwinkle Littorina keenae Rosewater, 1978 (Gastropoda: Littorinidae).  Journal of Molluscan Studies 70: 299-301.",
Mollusca,,Gastropoda,Neotaenioglossa,Littorinidae,Littorina littorea,Common periwinkle,1.00,,BFA,S,SP,"Hinegardner, R. (1974a). Cellular DNA content of the Mollusca. Comparative Biochemistry and Physiology 47A: 447-460.",
Mollusca,,Gastropoda,Neotaenioglossa,Littorinidae,Littorina littorea,Common periwinkle,1.00,,FD,NS,NS,"Dixon, D.R., L.R.J. Dixon, P.L. Pascoe, and J.T. Wilson (2001). Chromosomal and nuclear characteristics of deep-sea hydrothermal-vent organisms: correlates of increased growth rate. Marine Biology 139: 251-255.",
Mollusca,,Gastropoda,Neotaenioglossa,Littorinidae,Littorina littorea,Common periwinkle,1.18,,FCM,LV,LS,"Vinogradov, A.E. (1998b). Variation in ligand-accessible genome size and its ecomorphological correlates in a pond snail. Hereditas 128: 59-65.",
Mollusca,,Gastropoda,Neotaenioglossa,Littorinidae,Littorina neritoides,Periwinkle,1.38,,FCM,MT,ME,"Vitturi, R., A. Libertini, M. Panozzo, and G. Mezzapelle (1995). Karyotype analysis and genome size in three Mediterranean species of periwinkles (Prosobranchia: Mesogastropoda). Malacologia 37: 123-132.",
Mollusca,,Gastropoda,Neotaenioglossa,Littorinidae,Littorina neritoides,Periwinkle,1.47,,FCM,G,GD,"Libertini, A., R. Trisolini, and S. Edmands (2004).  A cytogenetic study of the periwinkle Littorina keenae Rosewater, 1978 (Gastropoda: Littorinidae).  Journal of Molluscan Studies 70: 299-301.",
Mollusca,,Gastropoda,Neotaenioglossa,Littorinidae,Littorina punctata,Periwinkle,0.81,,FCM,MT,ME,"Vitturi, R., A. Libertini, M. Panozzo, and G. Mezzapelle (1995). Karyotype analysis and genome size in three Mediterranean species of periwinkles (Prosobranchia: Mesogastropoda). Malacologia 37: 123-132.",
Mollusca,,Gastropoda,Neotaenioglossa,Littorinidae,Littorina saxatilis,Rough periwinkle,1.35,,FCM,MT,ME,"Vitturi, R., A. Libertini, M. Panozzo, and G. Mezzapelle (1995). Karyotype analysis and genome size in three Mediterranean species of periwinkles (Prosobranchia: Mesogastropoda). Malacologia 37: 123-132.",
Mollusca,,Gastropoda,Neotaenioglossa,Littorinidae,Tectarius muricatus,Beaded periwinkle,0.67,,FD,S,GD,"Mirsky, A.E. and H. Ris (1951). The desoxyribonucleic acid content of animal cells and its evolutionary significance. Journal of General Physiology 34: 451-462.",
Mollusca,,Gastropoda,Neotaenioglossa,Naticidae,Polinices duplicatus,Moon shell,1.50,,BFA,S,SP,"Hinegardner, R. (1974a). Cellular DNA content of the Mollusca. Comparative Biochemistry and Physiology 47A: 447-460.",
Mollusca,,Gastropoda,Neotaenioglossa,Naticidae,Polinices heros,Moon shell,2.40,,BFA,S,SP,"Hinegardner, R. (1974a). Cellular DNA content of the Mollusca. Comparative Biochemistry and Physiology 47A: 447-460.",
Mollusca,,Gastropoda,Nudibranchia,Aeolidiidae,Aeolidia papillosa,Shag-rug aeolis,1.20,,BFA,S,SP,"Hinegardner, R. (1974a). Cellular DNA content of the Mollusca. Comparative Biochemistry and Physiology 47A: 447-460.",
Mollusca,,Gastropoda,Nudibranchia,Arminidae,Armina californica,California armina,1.00,,BFA,S,SP,"Hinegardner, R. (1974a). Cellular DNA content of the Mollusca. Comparative Biochemistry and Physiology 47A: 447-460.",
Mollusca,,Gastropoda,Nudibranchia,Dorididae,Archidoris montereyensis,Sea slug,2.00,,BFA,S,SP,"Hinegardner, R. (1974a). Cellular DNA content of the Mollusca. Comparative Biochemistry and Physiology 47A: 447-460.",
Mollusca,,Gastropoda,Nudibranchia,Flabellinidae,Flabellina iodinea,Spanish shawl,0.71,,BFA,S,SP,"Hinegardner, R. (1974a). Cellular DNA content of the Mollusca. Comparative Biochemistry and Physiology 47A: 447-460.",
Mollusca,,Gastropoda,Nudibranchia,Tergipedidae,Phestilla sp.,Sea slug,0.91,,FIA,SC,GD,"Gregory, T.R. (2003b).  Genome size estimates for two important freshwater molluscs, the zebra mussel (Dreissena polymorpha) and the schistosomiasis vector snail (Biomphalaria glabrata).  Genome 46: 841-844.",
Mollusca,,Gastropoda,Patellogastropoda,Acmaeidae,Acmaea mitra,Whitecap limpet,0.94,,BFA,S,SP,"Hinegardner, R. (1974a). Cellular DNA content of the Mollusca. Comparative Biochemistry and Physiology 47A: 447-460.",
Mollusca,,Gastropoda,Patellogastropoda,Acmaeidae,Collisella digitalis,Ribbed limpet,0.61,,BFA,S,SP,"Hinegardner, R. (1974a). Cellular DNA content of the Mollusca. Comparative Biochemistry and Physiology 47A: 447-460.",
Mollusca,,Gastropoda,Patellogastropoda,Acmaeidae,Collisella limatula,File limpet,0.56,,BFA,S,SP,"Hinegardner, R. (1974a). Cellular DNA content of the Mollusca. Comparative Biochemistry and Physiology 47A: 447-460.",
Mollusca,,Gastropoda,Patellogastropoda,Acmaeidae,Collisella paradigitalis,Limpet,0.58,,BFA,S,SP,"Hinegardner, R. (1974a). Cellular DNA content of the Mollusca. Comparative Biochemistry and Physiology 47A: 447-460.",
Mollusca,,Gastropoda,Patellogastropoda,Acmaeidae,Collisella scabra,Rough limpet,0.57,,BFA,S,SP,"Hinegardner, R. (1974a). Cellular DNA content of the Mollusca. Comparative Biochemistry and Physiology 47A: 447-460.",
Mollusca,,Gastropoda,Patellogastropoda,Lottiidae,Lottia gigantea,Owl limpet,0.43,,BFA,S,SP,"Hinegardner, R. (1974a). Cellular DNA content of the Mollusca. Comparative Biochemistry and Physiology 47A: 447-460.",
Mollusca,,Gastropoda,Patellogastropoda,Lottiidae,Tectura testudinalis,Plant limpet,0.57,,BFA,S,SP,"Hinegardner, R. (1974a). Cellular DNA content of the Mollusca. Comparative Biochemistry and Physiology 47A: 447-460.",
Mollusca,,Gastropoda,Patellogastropoda,Lottiidae,Unknown sp.1,Snail (Atlantic thermal vent),0.94,,FD,NS,NS,"Dixon, D.R., L.R.J. Dixon, P.L. Pascoe, and J.T. Wilson (2001). Chromosomal and nuclear characteristics of deep-sea hydrothermal-vent organisms: correlates of increased growth rate. Marine Biology 139: 251-255.",
Mollusca,,Gastropoda,Patellogastropoda,Lottiidae,Unknown sp.2,Snail (Atlantic thermal vent),0.79,,FD,NS,NS,"Dixon, D.R., L.R.J. Dixon, P.L. Pascoe, and J.T. Wilson (2001). Chromosomal and nuclear characteristics of deep-sea hydrothermal-vent organisms: correlates of increased growth rate. Marine Biology 139: 251-255.",
Mollusca,,Gastropoda,Patellogastropoda,Lottiidae,Unknown sp.3,Snail (Atlantic thermal vent),0.55,,FD,NS,NS,"Dixon, D.R., L.R.J. Dixon, P.L. Pascoe, and J.T. Wilson (2001). Chromosomal and nuclear characteristics of deep-sea hydrothermal-vent organisms: correlates of increased growth rate. Marine Biology 139: 251-255.",
Mollusca,,Gastropoda,Sacoglossa,Stiligeridae,Stiliger felinus,Sea slug,2.83,,FCM,TS,ME,"Libertini, A., F. Meneghetti, and M. Panozzo (1996b). Spermatocyte chromosomes and genome size in the sacoglossan slug Stiliger felinus (Hutton 1882) (Gastropoda: Opisthobranchia) from New Zealand. New Zealand Journal of Marine and Freshwater Research 30:",
Mollusca,,Gastropoda,Stylommatophora,Achatinidae,Achatina fulica,Giant land snail,2.25,,FCM,LV,LS,"Vinogradov, A.E. (1998b). Variation in ligand-accessible genome size and its ecomorphological correlates in a pond snail. Hereditas 128: 59-65.",
Mollusca,,Gastropoda,Stylommatophora,Helicidae,Arianta arbustorum,Snail,2.84,,FCM,LV,LS,"Vinogradov, A.E. (1998b). Variation in ligand-accessible genome size and its ecomorphological correlates in a pond snail. Hereditas 128: 59-65.",
Mollusca,,Gastropoda,Stylommatophora,Helicidae,Cantareus aspersus,Brown garden snail,3.58,,FCM,MC,GD,"Vitturi, R., A. Libertini, L. Sineo, I. Sparacio, A. Lannino, A. Gregorini, and M. Colomba (2005). Cytogenetics of the land snails Cantareus aspersus and C. mazzullii (Mollusca: Gastropoda: Pulmonata). Micron 36: 351-357.",
Mollusca,,Gastropoda,Stylommatophora,Helicidae,Cantareus mazzullii,Land snail,3.08,,FCM,MC,GD,"Vitturi, R., A. Libertini, L. Sineo, I. Sparacio, A. Lannino, A. Gregorini, and M. Colomba (2005). Cytogenetics of the land snails Cantareus aspersus and C. mazzullii (Mollusca: Gastropoda: Pulmonata). Micron 36: 351-357.",
Mollusca,,Gastropoda,Stylommatophora,Helicidae,Helix vulgaris,Snail,4.00,,FCM,LV,RT,"Vinogradov, A.E. (2000). Larger genomes for molluskan land pioneers. Genome 43: 211-212.",
Mollusca,,Gastropoda,Stylommatophora,Hygromiidae,Trichia hispida,Snail,2.49,,FCM,LV,LS,"Vinogradov, A.E. (1998b). Variation in ligand-accessible genome size and its ecomorphological correlates in a pond snail. Hereditas 128: 59-65.",
Mollusca,,Gastropoda,Stylommatophora,Limacidae,Deroceras reticulatum,Gray garden slug,1.68,,FCM,LV,RT,"Vinogradov, A.E. (2000). Larger genomes for molluskan land pioneers. Genome 43: 211-212.",
Mollusca,,Gastropoda,Stylommatophora,Succineidae,Succinea putris,European ambersnail,2.92,,FCM,LV,LS,"Vinogradov, A.E. (1998b). Variation in ligand-accessible genome size and its ecomorphological correlates in a pond snail. Hereditas 128: 59-65.",
Mollusca,,Gastropoda,Vetigastropoda,Lepetodrilidae,Leptodrilus atlanticus,Limpet,1.04,,FCM,MC,PSV,"Bonnivard, E., O. Catrice, J. Ravaux, S.C. Brown, and D. Higuet (2009). Survey of genome size in 28 hydrothermal vent species covering 10 families. Genome 52: 524-536.",
Mollusca,,Gastropoda,Vetigastropoda,Lepetodrilidae,Pseudorimula midatlantica,Limpet,1.05,,FCM,MC,PSV,"Bonnivard, E., O. Catrice, J. Ravaux, S.C. Brown, and D. Higuet (2009). Survey of genome size in 28 hydrothermal vent species covering 10 families. Genome 52: 524-536.",
Mollusca,,Gastropoda,Vetigastropoda,Turbinidae,Potrolira sp.,Turban snail,0.70,,FCM,MC,LE,"Bonnivard, E., O. Catrice, J. Ravaux, S.C. Brown, and D. Higuet (2009). Survey of genome size in 28 hydrothermal vent species covering 10 families. Genome 52: 524-536.",
Mollusca,,Polyplacophora,Chitonida,Mopaliidae,Katharina tunicata,Chiton,1.66,,"FIA,FCM",MC,"GD,OM","Kocot, K.M., N.W. Jeffery, K. Mulligan, K.M. Halanych, and T.R. Gregory (2016). Genome size estimates for Aplacophora, Polyplacophora and Scaphopoda: small solenogasters and sizeable scaphopods. Journal of Molluscan Studies 82: 216-219.",
Mollusca,,Polyplacophora,Chitonida,Mopaliidae,Mopalia muscosa,Chiton,1.72,,"FIA,FCM",MC,"GD,OM","Kocot, K.M., N.W. Jeffery, K. Mulligan, K.M. Halanych, and T.R. Gregory (2016). Genome size estimates for Aplacophora, Polyplacophora and Scaphopoda: small solenogasters and sizeable scaphopods. Journal of Molluscan Studies 82: 216-219.",
Mollusca,,Polyplacophora,Neoloricata,Acanthochitonidae,Amicula stelleri,Chiton,2.90,,BFA,HE,SP,"Hinegardner, R. (1974a). Cellular DNA content of the Mollusca. Comparative Biochemistry and Physiology 47A: 447-460.",
Mollusca,,Polyplacophora,Neoloricata,Chitonidae,Acanthopleura granulata,West Indian fuzzy chiton,0.84,,BFA,S,SP,"Hinegardner, R. (1974a). Cellular DNA content of the Mollusca. Comparative Biochemistry and Physiology 47A: 447-460.",
Mollusca,,Polyplacophora,Neoloricata,Chitonidae,Chiton tuberculatus,West Indian green chiton,0.63,,FD,S,GD,"Mirsky, A.E. and H. Ris (1951). The desoxyribonucleic acid content of animal cells and its evolutionary significance. Journal of General Physiology 34: 451-462.",
Mollusca,,Polyplacophora,Neoloricata,Ischnochitonidae,Chaetopleura apiculata,Eastern beaded chiton,1.70,,BFA,S,SP,"Hinegardner, R. (1974a). Cellular DNA content of the Mollusca. Comparative Biochemistry and Physiology 47A: 447-460.",
Mollusca,,Polyplacophora,Neoloricata,Ischnochitonidae,Ischnochiton conspicua,Chiton,1.50,,BFA,S,SP,"Hinegardner, R. (1974a). Cellular DNA content of the Mollusca. Comparative Biochemistry and Physiology 47A: 447-460.",
Mollusca,,Polyplacophora,Neoloricata,Mopaliidae,Mopalia lignosa,Chiton,1.70,,BFA,S,SP,"Hinegardner, R. (1974a). Cellular DNA content of the Mollusca. Comparative Biochemistry and Physiology 47A: 447-460.",
Mollusca,,Polyplacophora,Neoloricata,Mopaliidae,Mopalia muscosa,Chiton,1.50,,BFA,S,SP,"Hinegardner, R. (1974a). Cellular DNA content of the Mollusca. Comparative Biochemistry and Physiology 47A: 447-460.",
Mollusca,,Scaphopoda,Dentaliida,Dentaliidae,Antalis sp.,Tusk shell,3.46,,FIA,MC,"GD,OM","Kocot, K.M., N.W. Jeffery, K. Mulligan, K.M. Halanych, and T.R. Gregory (2016). Genome size estimates for Aplacophora, Polyplacophora and Scaphopoda: small solenogasters and sizeable scaphopods. Journal of Molluscan Studies 82: 216-219.",
Mollusca,,Scaphopoda,Dentaliida,Uncertain,Unknown sp. 5,Tusk shell,4.55,,FIA,MC,"GD,OM","Kocot, K.M., N.W. Jeffery, K. Mulligan, K.M. Halanych, and T.R. Gregory (2016). Genome size estimates for Aplacophora, Polyplacophora and Scaphopoda: small solenogasters and sizeable scaphopods. Journal of Molluscan Studies 82: 216-219.",
Mollusca,,Scaphopoda,Gadilida,Gadilidae,Siphonodentalium dalli,Tusk shell,2.41,,"FIA,FCM",MC,"GD,OM","Kocot, K.M., N.W. Jeffery, K. Mulligan, K.M. Halanych, and T.R. Gregory (2016). Genome size estimates for Aplacophora, Polyplacophora and Scaphopoda: small solenogasters and sizeable scaphopods. Journal of Molluscan Studies 82: 216-219.",